{"cameraMode":{"drawMode":0,"name":"Shaded","section":"Shading Mode"},"sceneLighting":true,"audioPlay":false,"sceneViewState":{"showFog":true,"showMaterialUpdate":false,"showSkybox":true,"showFlares":true,"showImageEffects":true,"showParticleSystems":true},"in2DMode":false,"pivot":{"x":3.4540634155273439,"y":-1.533064603805542,"z":-0.33916568756103518},"rotation":{"x":0.08109289407730103,"y":0.7768725752830505,"z":-0.10217507183551789,"w":0.6160926222801209},"size":4.492604732513428,"orthographic":false}