{"cameraMode":{"drawMode":0,"name":"Shaded","section":"Shading Mode"},"sceneLighting":true,"audioPlay":false,"sceneViewState":{"showFog":true,"showMaterialUpdate":false,"showSkybox":true,"showFlares":true,"showImageEffects":true,"showParticleSystems":true},"in2DMode":false,"pivot":{"x":0.06381276249885559,"y":0.12874364852905274,"z":-0.20247144997119904},"rotation":{"x":0.2699238061904907,"y":-0.004041531588882208,"z":0.0010992172174155713,"w":0.9628998041152954},"size":0.90739506483078,"orthographic":false}